{
  "iterations": {
    "learned": {
      "mean": 24.42,
      "std": 12.11955444725589,
      "median": 21.5,
      "min": 8,
      "max": 60
    },
    "baseline": {
      "mean": 35.18,
      "std": 21.88852667495005,
      "median": 28.0,
      "min": 9,
      "max": 101
    },
    "improvement": {
      "mean_reduction": 10.759999999999998,
      "win_rate": 0.98
    }
  },
  "speedup": {
    "mean": 0.22405186602975946,
    "std": 0.16292030019514392,
    "median": 0.1656636044549578,
    "min": 0.00588689361767345,
    "max": 0.6165304149498325,
    "pct_above_1": 0.0,
    "pct_above_1_5": 0.0,
    "pct_above_2": 0.0
  },
  "correlations": {
    "correlations": {
      "theta": -0.03651041719796551,
      "epsilon": -0.2370018117886982
    }
  },
  "summary": {
    "n_problems": 50,
    "learned": {
      "iterations_mean": 24.42,
      "iterations_std": 12.11955444725589,
      "time_mean": 15.476811895370483,
      "convergence_rate_mean": 0.41300209507404745
    },
    "baseline": {
      "iterations_mean": 35.18,
      "iterations_std": 21.88852667495005,
      "time_mean": 1.4095372438430787,
      "convergence_rate_mean": 0.5088474626824336
    },
    "win_rate": 0.98
  }
}