{
  "iterations": {
    "learned": {
      "mean": 23.5,
      "std": 11.3194522835692,
      "median": 21.0,
      "min": 8,
      "max": 55
    },
    "baseline": {
      "mean": 34.94,
      "std": 21.701069098088233,
      "median": 27.0,
      "min": 9,
      "max": 101
    },
    "improvement": {
      "mean_reduction": 11.439999999999998,
      "win_rate": 0.98
    }
  },
  "speedup": {
    "mean": 0.2569726888294235,
    "std": 0.16841882095138752,
    "median": 0.21252416521328638,
    "min": 0.04535503719006716,
    "max": 0.6218553838143266,
    "pct_above_1": 0.0,
    "pct_above_1_5": 0.0,
    "pct_above_2": 0.0
  },
  "correlations": {
    "correlations": {
      "theta": -0.06138545269644219,
      "epsilon": -0.23299584570793938
    }
  },
  "summary": {
    "n_problems": 50,
    "learned": {
      "iterations_mean": 23.5,
      "iterations_std": 11.3194522835692,
      "time_mean": 13.413298630714417,
      "convergence_rate_mean": 0.4032831439339261
    },
    "baseline": {
      "iterations_mean": 34.94,
      "iterations_std": 21.701069098088233,
      "time_mean": 1.547511806488037,
      "convergence_rate_mean": 0.5073359019351805
    },
    "win_rate": 0.98
  }
}