{
  "iterations": {
    "learned": {
      "mean": 14.46,
      "std": 4.552845264227635,
      "median": 14.0,
      "min": 6,
      "max": 28
    },
    "baseline": {
      "mean": 15.88,
      "std": 4.926012586260819,
      "median": 15.0,
      "min": 7,
      "max": 32
    },
    "improvement": {
      "mean_reduction": 1.42,
      "win_rate": 0.88
    }
  },
  "speedup": {
    "mean": 0.914196387677602,
    "std": 0.1018532182881022,
    "median": 0.9202752452409645,
    "min": 0.6616845081801657,
    "max": 1.1948063265217201,
    "pct_above_1": 0.18,
    "pct_above_1_5": 0.0,
    "pct_above_2": 0.0
  },
  "correlations": {
    "correlations": {
      "theta": -0.2764468638133222,
      "epsilon": -0.6750308141021816
    }
  },
  "summary": {
    "n_problems": 50,
    "learned": {
      "iterations_mean": 14.46,
      "iterations_std": 4.552845264227635,
      "time_mean": 0.0036092042922973634,
      "convergence_rate_mean": 0.2603631300073776
    },
    "baseline": {
      "iterations_mean": 15.88,
      "iterations_std": 4.926012586260819,
      "time_mean": 0.0033573818206787107,
      "convergence_rate_mean": 0.29465526969602757
    },
    "win_rate": 0.88
  }
}