{
  "iterations": {
    "learned": {
      "mean": 18.98,
      "std": 0.6477653896280658,
      "median": 19.0,
      "min": 18,
      "max": 20
    },
    "baseline": {
      "mean": 20.78,
      "std": 0.6415605972938178,
      "median": 21.0,
      "min": 19,
      "max": 22
    },
    "improvement": {
      "mean_reduction": 1.8000000000000007,
      "win_rate": 1.0
    }
  },
  "speedup": {
    "mean": 0.638789820230639,
    "std": 0.03187393872184677,
    "median": 0.6379674612190988,
    "min": 0.5767285983066792,
    "max": 0.7348689753026205,
    "pct_above_1": 0.0,
    "pct_above_1_5": 0.0,
    "pct_above_2": 0.0
  },
  "correlations": {
    "correlations": {
      "E": -0.2979675165917846,
      "nu": -0.015984013544974134
    }
  },
  "summary": {
    "n_problems": 50,
    "learned": {
      "iterations_mean": 18.98,
      "iterations_std": 0.6477653896280658,
      "time_mean": 0.011596970558166504,
      "convergence_rate_mean": 0.39780113827013236
    },
    "baseline": {
      "iterations_mean": 20.78,
      "iterations_std": 0.6415605972938178,
      "time_mean": 0.007394704818725586,
      "convergence_rate_mean": 0.428100535231144
    },
    "win_rate": 1.0
  }
}