{
  "iterations": {
    "learned": {
      "mean": 19.0,
      "std": 0.7211102550927979,
      "median": 19.0,
      "min": 17,
      "max": 20
    },
    "baseline": {
      "mean": 27.76,
      "std": 0.42708313008125237,
      "median": 28.0,
      "min": 27,
      "max": 28
    },
    "improvement": {
      "mean_reduction": 8.760000000000002,
      "win_rate": 1.0
    }
  },
  "speedup": {
    "mean": 0.7907078404927802,
    "std": 0.07077827146785216,
    "median": 0.799470033663958,
    "min": 0.36219772954993856,
    "max": 0.8735834990059642,
    "pct_above_1": 0.0,
    "pct_above_1_5": 0.0,
    "pct_above_2": 0.0
  },
  "correlations": {
    "correlations": {
      "E": 0.23957213769690255,
      "nu": -0.01404436881079664
    }
  },
  "summary": {
    "n_problems": 50,
    "learned": {
      "iterations_mean": 19.0,
      "iterations_std": 0.7211102550927979,
      "time_mean": 0.0105924654006958,
      "convergence_rate_mean": 0.3964165004617419
    },
    "baseline": {
      "iterations_mean": 27.76,
      "iterations_std": 0.42708313008125237,
      "time_mean": 0.008252601623535156,
      "convergence_rate_mean": 0.5303655444412037
    },
    "win_rate": 1.0
  }
}